Category,Sample_Title,StackOverflow_Link
Errors,gensim lemmatize error generator raised stopiteration,https://stackoverflow.com/q/59281409
Errors,use google transliterate api python,https://stackoverflow.com/q/52834152
Errors,natural language dates rubyrails,https://stackoverflow.com/q/1196870
Implementation,model return loss bertforquestionansweringforward got unexpected keyword argument labels,https://stackoverflow.com/q/77272196
Implementation,spacy nlp wordpos returns digits instead pos tags,https://stackoverflow.com/q/53612938
Implementation,posible use office spellcheck api pos tagging,https://stackoverflow.com/q/22854710
Model Training,dropping layers transformer models pytorch huggingface,https://stackoverflow.com/q/69835532
Model Training,nlp lemmatization wordnet error e expected string doc bytes input got class nonetype,https://stackoverflow.com/q/75134194
Model Training,train named entity recognizer identifier opennlp,https://stackoverflow.com/q/6952512
Text Preprocessing,seqseq trainertrain keeps giving indexing error,https://stackoverflow.com/q/79005985
Text Preprocessing,kernel dying setting spacy environment tried virtual env issue fix,https://stackoverflow.com/q/73684573
Text Preprocessing,semantic cluster service like flickr tag clusters,https://stackoverflow.com/q/11294841
Tool Usage,make part embedding matrix trainable rest part trainable pytorch,https://stackoverflow.com/q/60014734
Tool Usage,tune neuralcoref get better coreference results,https://stackoverflow.com/q/56710356
Tool Usage,convert pdf text remove header footers images along tables python jupiter notebook r,https://stackoverflow.com/q/71274528
Uncertain,annotating images text deep learning nlp,https://stackoverflow.com/q/69072008
Uncertain,python calculate cooccurrence matrix,https://stackoverflow.com/q/41661801
Uncertain,online documentation explaining tags output stanford nlp parser,https://stackoverflow.com/q/26988686
Vector Embeddings,error es sentence token annotations found error ner r,https://stackoverflow.com/q/55449970
Vector Embeddings,sentencepiece tokenizer nllb returns ids differ specify model name file,https://stackoverflow.com/q/78270697
Vector Embeddings,get document embeddings using gpt,https://stackoverflow.com/q/61641257
