Cluster_ID,Sample_1,Sample_2,Sample_3,Sample_4,Sample_5,Proposed_Label
-1,python printerrors,hindi english code mix language translation english hindi,prolog implementation helpful case,perform word tokenization text using tokenize annotator pycorenlp python wrapper stanford corenlp without ssplit,connect vertex ai endpoint net,
0,tokens vocab mean glove embeddings,get similar words using glove,convert wordvec glove format,load pretrained glove vectors python,glove training single text file glove try read memory streamed,
1,bad input shape sklearn error hashingvectorizer,countvectorizer giving wrong counts words,countvectorizer splitting space instead comma,keep getting attributeerror lower found error using vectorizer command,understanding mindf maxdf scikit countvectorizer,
2,intuition behind tfidf term extraction,make dataset like tensorflow prefetchdataset shapes types tfstring tfstring,tfidf transformer sklearn results supported conversion types dtypeo,create tfidf column pandas dataframe,alternative tfonehot,
3,memory efficient union sequence rdds files apache spark,replace special charachters pyspark,nlp analysis pyspark dataframe columns numpy vectorization,save dataframe result table databricks,pyspark error valueerror enough values unpack expected got trying group groupbykey,
4,prevent certain words included building bigrams using gensims phrases,berkeleylm get ngram probability,speed function creating bigrams text list,ngram counts implement using nltk,remove repeated ngrams text nltk,
5,lda results errors,required size data set lda work python,lda gensim implemention corpus dictionary,lda model corpus typeerror supported instances int tuple,code lda run keep getting error difficult track,
6,assign weight historical data fitting topic model text documents,get recommended number topics lda model using pysparkml,overall topic distribution corpus individual documents,gensim hdp top topics distribution document,dimensionality reduction topic modeling lda,
7,detecting noise dictionary topic words,selective text extraction python based certain topics keywords,pyldavis could get top relevant terms topic,extracting topic subtopic name fromjpg image,get topics perc contribution keywords document,
8,extract inconsistently formatted date string date parsing nlp,facebooks duckling identify time dimension correctly,python extract numbers string like datefraction percentage,fix corenlp sentence splitting european dates,use sutimenlp python inorder extract date,
9,identifying universities mentioned tweet text,filter twitter feeds language,text processing tool tweets,unable import processtweets utils,finding city country company name tweet text using java,
10,confused generating batch data skip gram model,would output skipgram model look like,input skip gram model multiple labels,embedding layer skipgram use,columns matrix hidden layer represent skipgram model,
11,pdf reading returning empty rows,extracting text data multiple pdf documents,measure margins pdf file using image processing python,convert pdf special characters text,letter missing pdf text extraction,
12,use spacylookup lemmatized sentence,perform ner true case lemmatization lower case spacy,lemmatization taking forever spacy,getting blank lemmatization using xxuselg model spacy python,correct multithreaded lemmatization using spacy,
13,isnt classifier predicting positive classes,tag words negative word like dont never punctuation negative words,negation handling nlp,algorithm determine positive negative statementtext,differentiate positive negative sentence,
14,nltk naivebayesclassifier training sentiment analysis,causality identification text python nltk followed subjectivity detection,looking product reviews dataset,nlp difference using nltks sentiment analysis using ml approach,pretrained german sentiment analyzer flairnlp,
15,correct return bertformaskedlm,retrain bert model,python bert error weights model checkpoint used initializing bertmodel,used parameter returndict bertmodel,bert sentence embedding summing last layers,
16,use already created chromadb collection llm using openai langchain,facing error using langchains document loader,use structuredoutput azure openai openai python library,unable upload documents chroma db,finetuned openai api giving notfounderror error code,
17,change initial culture luis app,luis website hangs initializing,luis entities returned lower case,luis possible merge two datetimev entities,prevent nested entity extraction luis application,
18,difference word stemming depluralization,r package textstem stemwordway return wai,removal stop words stemminglemmatization bertopic,stemming code examples open source projects,possible wordform completions biomedical words stem,
19,document highlights nullempty applying edgengram custom analyzer azure cognitive search,term document frequencies java lucenelingpipe large corpus,apply patch lucenepatch solr windows,handle documents lucene negated terms,searching data typos solr,
20,nlp able use train stanford nlp intent analysis,multiple intents given input text,alexa skill requires two slots filled however even filling slots request skill still requests individually,multiple intents handling approach email parsing,natural language search user intent search,
21,nlp resolve coreference pronoun blocks,coreference chains sentence relate neuralcoref,corenlp python coreference resolution,nlp coreference resolution,run coreference resolution program throw error solve,
22,telegram bot answering faq questions,interact rasa chatbot hosted ubuntu vm restapis,fine tuning blenderbot,overlapping mined conversations,witai apiai etc generate conversations training every conversation static structured stories bot owner created,
23,connect cortana commands custom scripts,dialogflow knowledge beta feature,create intents context dialogflow api,could detect intent context nodejs sdk dialogflow api v,botium kfold cross validation dialogflow throws precondition errors,
24,implementing bagofwords naivebayes classifier nltk,python list list tokens bag words,standardize bag words train test,doubts regarding wordvec continuous bagofwords cbow,make train test set size using bag words,
25,get list antonyms lemmas using python nltk wordnet,lemmatizer spanish python,lemmatize string according pos nlp,get morphological variation given lemma java preferred,lemmatization normalization using dictionary list variations,
26,llama model quantization using bitsandbytes,training using openai gpt translations,use llama,calculate word sentence embedding using gpt,finetuned llamachathf model generates responses pretrained model suitability retrievalbased task,
27,english dictionary txt xml file support synonyms,word net word synonyms related word constructs java python,geo tersm luis synonyms generating,nlp identifying replacing words synonyms r,find synonyms antonyms set given adjective using wordnet java,
28,best algorithm make correction typos text,converting misspelled words actual words,hunspell portuguese shows correctly spelled words misspelled,looking java spell checker library,spelling correction likelihood,
29,python arabic nlp,arabic text showing r,deep learning arabic natural language processing project,tokenize arabic text python get strange result,use httpclient login online farasa lemmatizer lemmatize arabic text file content,
30,interpret modelmaxlen attribute pretrainedtokenizer object huggingface transformers,finetuning pretrained llm using huggingface transformers throws index range self,hugging face trainer object returning constant values metrics every epoch,oserror huggingface model,using hugging face transformers library postag french text,
31,wordnet semantic relationship different parts object,possible add wordnet library,wordnet offline mode python,programmatically access wordnet hierarchy,wordnet hierarchy,
32,select required sense wordnetsynset python script,wordnet word phrase synset,getting lost instance relation iterating synsets wordnet using ntlk via python,wordnet directly present similarity synsets,wordnet synset offset compare words,
33,scraping discord function gives message code json file cant understand server,convert logtxt file json file,jsondecodeerror expecting delimiter error trying convert string dictionary,json files parsing,group json order readable,
34,save different pos parts speech different file using postagger java,tagging part speech particular word r,partofspeech tag adjectives jj,separate parts speech tags sentences make two separate columns one raw sentence one pos tags,java separate sentence contains part speechpos tag free pos tag sentence pos tag sentence,
35,recreate documenttermmatrix new test data,tm package error error definining document term matrix,r apply terms training documenttermmatrix dtm test dtm unigrams bigrams,create term document matrix bi grams,create gensim corpus termfrequency matrix collection strings,
36,create csv file based dataframe list elements,looking unload obtained data txt csv file,pass values csv file fittransform,compare list data csv file sort matching,extract multiple values free text column cvs file,
37,convert pandas multiple columns text tensors,change pandas column lists every row strings,apply lambda function working python,replace dataframe text column st occuring word words comma,create dataframe based matrix,
38,r natural language processing support vector machine,parse movie script lines dialogue consistent spacing r,keep nonalphanumeric symbols tokenizing words r,nlp extracting specific sentence whole text r,text analytics process workflow,
39,simple visualization tool show word counts,count words nltk plaintextcorpus faster,extract phrase count text files based keyword,return frequency words column along row associated,get nouns book txt file r make frequency table wordcloud,
40,rename spacys pos tagger labels,tag sentence based tagged sentences,creating pos tagger,extract linguistic structure based pos tagged sentence using stanford nlp java,nltk perceptron tagger recognize fw foreign word,
41,align graph multiple tag docvec returning items doctagsyn training data,docvec library load docvecsarrayis solutionpython code,document vectors used docvec onehot,docvec object attribute wv,docvec ccompiler user warning,
42,use google natural language api enrich data bigquery table,get polar opposite every word google cloud nlp api,prepare google natural language proscessing output json big query,googletrans stopped working error nonetype object attribute group,google cloud natural language python import name enums googlecloudlanguagev,
43,bleu smoothing function commonly used image captioning evaluation,summarization text document multi document ie news finding events,difference mtevalvapl nltk bleu,bleu score zero pair even though similar,textrank using bmf,
44,package compare document semantic similarity lsa tfidf cosine similarity language models,write method returns cosine similarity two documents,r calculating cosine similarity restaurant reviews,find cosine similarity two song lyrics represented strings,compare cosine similarities across three pretrained models,
45,python charmap codec cant decode byte x position character maps undefined,bytepair encoding handle equally frequent pairs,unicodeencodeerror ascii codec cant encode characters position ordinal range,arpa language model documentation,gru language model training properly,
46,reuse heavy service across tasks airflow,ways store access large gb lists python,machine learning nlp aws cloud sagemaker ecami,syntactical error yacc file called,load large nlp file lambda,
47,create new dataset google translator,data structure data model multilanguage phrasebook,serverside software translating languages,nlp translation giving sentence translations instead word translation,cant compile marian nmt,
48,string subclass phonetic levenshtein distance,iterate efficiently list strings get matrix pairwise wmd distances,hamming distance vs levenshtein distance,gensim word mover distance string input instead list string,tweak levenshtein distance classifying linguistically similar words eg verb tenses adjective comparisons singular plural,
49,stanfordnlp training iteration crf classifier,stanford ner precedence,evaluation stanford crf classifier,better tag entities ner using crf,stanford classifier cross validation averaged aggregate metrics,
50,access sastrawi folder command prompt,bringing code gitlab repository external source,colab error command errored exit status python setuppy egginfo check logs full command output,compressfasttext pqkmeans install,cleantext module imported google colab pro,
51,usrbinpython module named spacy,spacy addpipe analyzepipes error,unable load spacy english model windowspath object attribute read,trying install spacy mac using pip,unable load spacy model google colab,
52,theory lexical encoding,stepmutate textrecipes tokenlists,nlp using replacement tokens,word tokenization using stanford nlp,python nltk regexp tokenizer produces empty output,
53,possible train spacy identify random organization name,predict manually trained spacy model,spacy save custom pipeline,train spacy model treats similar accurate prediction,using arabert model spacy,
54,trained ner model saved training spacy model new entities,losses ner training loop decreasing spacy,spacy understanding use pos ner,adding functionality spacy ner visualizer,issue related scorers trying load spacy ner model,
55,add label config vilt model fine tunning,setfit model training custom dataset,use pretrained model application,use rasa library train model testing,test model trained using teacher forcing,
56,get alignment two different tokenizations eg bert vs spacy,possible find uncertainties spacy token dependencies,define tokens spacy nlp python,converting spacy token vectors text,get string back hash value spacy library,
57,transform conditions questions,understand transform method pythonsklearn,difference transformer encoder vs transformer decoder vs transformer encoderdecoder,classification report adapters transformers,customize dictionary pretrained transformer neural machine translation model,
58,import automodelforsequenceclassification transformers,module named transformersmodelstmodelingt,typeerror transformerloadmodel got unexpected keyword argument addpoolinglayer,transformer tfbertforsequenceclassification errorcomputeloss got unexpected keyword argument labels,error running runseqseqpy transformers training script,
59,able load input data fasttext,q attributeerror fasttext object attribute mostsimilar,input format fasttext model doesnt give meaningful similar output,pretraining using existing model fasttext,train machine learning model fasttext output,
60,spacy extracting mentions matcher,use spacys rulebased matching sentences extraction,spacy regex syntaxerror invalid syntax,spacy regex pattern work rulebased matcher,spacy matching countries messy data,
61,nlp update used tuples spacy update,extract organization names text using spacy,set annotations treat labels nouns spacy library python,information extraction spacy context awareness,difference output spacy nlp vector applied sentence,
62,error trying run gridsearchcv sklearn pipeline,sparse data frame alternative,scipy sparse matrix index range,got valueerror x features per sample expecting applying linear svc model test set,group sparse matrix scipy return matrix,
63,clean test data feeding nlp model,pretrained model implemetation nlp tasks speed process,importing sequenceclassification model nlp taks python,hybrid models effective pure ml models nlp,unpickle nlp model,
64,whats maximum number nominal values nominal attribute svm training weka,finding probability instance classified weka,change max attributes weka,feature importance chart keras api,weka stringtovector filter working,
65,combine base line naive bayes multinomial naive bayes semisupervised nb,zero frequency naive bayes,feature independence naive bayes,nltk naive bayes wherehow add ngrams,implementing bayes classifier php,
66,opennlp model version supported snapshot,r opennlpmodelsen package longer available,opennlp tokenize array strings,get original text data opennlp,issues training custom named entity recogniser apache opennlp,
67,build features relation extraction svm,extracting relationship ner parse,customized relationship extraction two entities stanford nlp,use nlp parsing reference common object,distant mean distant supervision,
68,calculate gradient respect attention also ffn layers pretrained llms,seqseqmodeloutput object attribute logits bart transformers,sinusoidal embedding attention,tensorflow attention output gets concatenated next decoder input causing dimension missmatch seqseq model,seqseq context vector generated,
69,using gate mac windows via bitbucketorg,gate jape rule annotate token kind word working,store compare annotation gold standard gate,change default value annie resources gate java code,gate api jape code return empty result,
70,fix classifier confusion matrix,calculate recall precision entity linking,compute precision recall system generates questions,trying evaluate confusion matrix roc curve code nltk,fasttext precision recall tradeoff,
71,textblob overgeneralizing text classifying neutral,nlp model binary classification outputs class word,placing output word labels initial transitions words fst lead effective composition,nltk feature reduction vectorization,pseudo code maxent classifier ner,
72,nonetype error using pegasustokenizer,error stating missing tokenizer running zero shot model,attributeerror tokenizer object attribute oovtoken keras,tokenizing large text datasets fit ramgpu memory tensorflow,keras tokenizer numwords specify,
73,using annoy torchtext nearest neighbor search,cuda error cublasstatusallocfailed calling cublascreatehandle,cuda memory finetuning gpt,cpu memory leak inference models infinite loop,unable solve runtimeerror cuda error cublasstatusnotinitialized calling cublascreatehandle,
74,get elements two indexes dynamically python without hardcoding number index variables,nlp typeerror argument type nonetype iterable,typeerror add takes exactly positional arguments given,typeerror loadcorpus takes positional argument given,typeerror lemmatize missing required positional argument word,
75,tensorflow embedding training inference,model made tensorflow using graph,attributeerror tensor object attribute kerashistory using crf,extract features labels tensorflow dataset,tensorflow dnnclassifier return wrong prediction,
76,extract person name unstructure text,extract sender name emails containing multiple human names,list common first names text analysis r,improving extraction human names nltk,distinguish persons names organization names structured table column,
77,ground truth datasets evaluating open source nlp tools named entity recognition,extract generic entities using lingpipe people org loc,difference named entity recognition named entity extraction,incrementally trainable entity recognition classifier,distinguish two different named entities name,
78,enabling audio input speech recognition library,speech text method using python,phone number date birth human speech,add noise background voice separation,different sample rate sr wav file librosa tensorflow,
79,ntlk classifying noun location,algorithm extract noun adjective free flowing string c,verb conjugations database,noun type determination java,check first word sentence proper noun,
80,examples using reinforcement learning text classification,classify text belong classes unknown text classifcation,feature construction text classification using autoencoders,feature selection reduction text classification,anomaly detection text classification,
81,multilabel emotion classification,implement regression multiclass multilabel classification,build machine learning model text numeric columns,text classification feature vector x multiple vs merged columns,pass multiple text columns logistic regression multilabel classifcation,
82,wordvec possible train respect weight nlp,parallelization benefit training wordvec model,use vector representation words obtained wordvecetc features classifier,generate wordvec vectors python,deeplearningj wordvec unable get linear index exception,
83,gensims wordvec loss epoch,gensim wordvec model floating point,wordvec working using gensim library,gensim train wordvec wikipedia preprocessing parameters,gensim buildvocabfromfreq overflow error,
84,word embedding provide input rnn,keras issues using pretrained word embeddings,embedding word positions keras,concatenate char embeddings word embeddings,whats difference vector indices vs onehot vector inputting embedding layer nlp,
85,combine different sets word embeddings,add sentence embeddings derived existing column new column,word embeddings perform poorly text classification,adding list wordvec embeddings give meaningful represenation,create word embeddings without keeping fasttext vector file repository,
86,japanese language detection using java langdetect library,detecting syllables word,optimize php script get phonetical readings japanese sentences yahoo japan api,generate list english words containing consecutive consonant sounds,count number spoken syllables audio file,
87,fuzzy matching strings embedded within strings,fuzzy string comparison,confusion word hashing dssm,zone hashing natural language processing,efficient fuzzy string comparison thousands text files,
88,detect duplicates among text documents return duplicates similarity,ways obtaining similarity metric two full text documents,grouping bulk text group based given similarity percentage,highlight similar sentences two documents display similarity score,pool webpages finding pages similar given webpage,
89,best document clustering opensource package,clustering words kmeans,cluster similar documents based keywords,proper teatment lists word tokens df clustering advice needed,implement keyword based text clustering,
90,nltk chunker extract key information business processing request,exracting chunks python using nltk,string chunking algorithm natural language context,extracting chunk sentence,getting person nad gpe label chunking using nltknechunk,
91,nltk brills methods equivalence version,issues nltks nechunk,nltk issue deriving sql query using fcfg,unable import column csv nltk using python,nltkalignbleuscorebleu gives error,
92,get node tree label nltk python,get certain nodes parse tree,treebankstyle tree parser python,construct reverse btree,treebank free,
93,exception thread main javalangoutofmemoryerror gc overhead limit exceeded using stanford corenlp,stanfordcorenlp object creation error,timeout pycorenlp get javanetunknownhostexception server server unknown error linux runs fine os x,sentimentcoreannotationsannotatedtree resolved type,horesponseerrorhoresponseerror server error javalangillegalargumentexception,
94,converting dependency tree sequence arceager transitions,wdt words marked sentence subject dependency parsing,get parent node stanfords javanlp,compare typeddependencies stanford nlp dependency parser tree,extracting major semantic elements stanford core nlp dependency representation,
95,use stanford parser,detecting grammar errors sentence stanford parser,check grammar sentence using parse score given stanford parser,train stanford parser genia corpus,parse languages english stanford parser java command lines,
96,machine learning check parse sentence related previous sentence,formal grammar english language,scenario parse alphanumeric words based vocabularyliterature,parsing meaning text,framework writing phrase structure rules opensource,
97,splitting nlp logic server client parts,python langdetect choose one language,determine text english,getting wrong answer byy langdetectdetect,handle error reading file containing multiple languages,
98,creating python program takes short description returns solution given set using nlp,python nlp preprocessing text,nlp preprocessing two columns data frame gives error,filter column books text make code fast work heavy data nlp,nlp text preprocessing,
99,matching words information web scraper,common n words text,difference information extraction text mining,rss reader grabbing page content,text mining common words normalized,
100,split long string chunks using regex lookbehind optional,python regex findall substrings single apostrophes,java pattern matcher split string character slice substrings like ressub python works,issues regex sub function python,regex searching words starts,
101,split string multiple different strings,possible check word really english word via regex,viable solution word splitting khmer,python text parsing split list chunks including preceding delimiters,splitting document tm corpus multiple documents,
102,remove punctuation marks tokenized text using loop,fixing broken punctuation commoncrawl text,removing punctuation list strings arent part word,punctuate blob text,format text regard punctuation,
103,python pyparsing unicode characters,replace word string based condition,make python function work unicode,replacing special alphabets python string,python text cleaning,
104,fasttext representation short phrase longer phrase containing short one,nlp extract main actionstasks unstructured sentences,extract english sentences,map input sentence output sentence nlp,nlp email validation,
105,python match findall search nlp,string matching keywords key phrases python,extracting features list strings,udpipe keywordsrake link keywords document extracted,nlp phrase search python,
106,extract text two span iterators python,python convert list multiple words single words,effective grams extraction python,read list prints exact number lines,extracting text certain texttags python,
107,trying create arff file using python,save edited conllu file using conllu python library,perform regular expression multiple txt files folder python,output bash pipes pythoncompatible format,extracting text data files different subdirectories raises valueerror substring found,
108,nested list iteration,edit lists match python,extract id corresponding tokens append dictionary file python,updating element list list value dictionary,putting pieces information nested dictionary python,
109,accessible english dictionary words proper names,extract meaningful frequent words concatenated strings python,check matched annotation stringlist wordlist ruta,dictionary multiword term like low fat milk,creating dictionary words keys mapped instances set documents,
110,necessary lemmatize text remove stopwords ner,stopword removing using wordvec,filtering stopwords near punctuation,check stopword removal algorithm working,remove special stopwords nlp,
111,accented characters presidio deny list recognized despite correct yaml encoding,removing digits list elements,list uninteresting words,efficient removing stop words huge text corpus,change hungggrrrrryyyy hungry english words,
112,natural language programming solutions c,natural language turing complete,python java text processing text mining information retrieval natural language processing,nlp building small corpora get lots nottoospecialized englishlanguage text files,natural language processing machine learning,
113,use case nlp,definition downstream tasks nlp,extracting products name unstructured text,nlp algorithm calculating urgencyintensity text fragment,extract brand product name,
114,get challenges responses nlp captcha,select faq entry users naturallanguage inquiry,constructing human readable sentences based survey,generate questions multiple choice truefalse text using spacy,rule based questioning answering reading comprehension quarc,
115,pull specific feature table corresponding id text,extract name entities web domain address,information extraction,extracting data logically unstructured text,extract information want nlkt,
116,classify text based locationtime establishing mention,autocompleting strings python,extracting segregating geographic locations,identify address location text string php,sentence generation normalized transition matrix python,
